UUID	AUTHOR	X	Y	TERMS	COLOR	SCORE
26ac872a-a363-35b4-ba38-4c5da257be38	Schatzberg A	1	1	auditory|speech	#FFFFCC	0.0450860977983719
26ac872a-a363-35b4-ba38-4c5da257be38	Schatzberg A	2	1		#FFFFCC	0.0475121431741086
26ac872a-a363-35b4-ba38-4c5da257be38	Schatzberg A	3	1	da|integration	#FEE188	0.200030134750672
26ac872a-a363-35b4-ba38-4c5da257be38	Schatzberg A	4	1		#FFF1A9	0.178763798383919
26ac872a-a363-35b4-ba38-4c5da257be38	Schatzberg A	5	1	physical|psychophysical|tactile	#FEE188	0.239064808344634
26ac872a-a363-35b4-ba38-4c5da257be38	Schatzberg A	6	1		#FECB68	0.305586671412844
26ac872a-a363-35b4-ba38-4c5da257be38	Schatzberg A	7	1	somatosensory|stimulation	#FEE188	0.275450747629261
26ac872a-a363-35b4-ba38-4c5da257be38	Schatzberg A	8	1	painful|pain	#FDAD4A	0.401083724050955
26ac872a-a363-35b4-ba38-4c5da257be38	Schatzberg A	9	1		#FDAD4A	0.440855619522015
26ac872a-a363-35b4-ba38-4c5da257be38	Schatzberg A	10	1	ratings	#FD913D	0.535071887710138
26ac872a-a363-35b4-ba38-4c5da257be38	Schatzberg A	11	1	affective|affect	#FC622F	0.64512518390645
26ac872a-a363-35b4-ba38-4c5da257be38	Schatzberg A	12	1	emotions	#FC622F	0.673951677742755
26ac872a-a363-35b4-ba38-4c5da257be38	Schatzberg A	13	1	expression|expressions|facial	#F03623	0.748122848795509
26ac872a-a363-35b4-ba38-4c5da257be38	Schatzberg A	14	1		#FC622F	0.687082480346427
26ac872a-a363-35b4-ba38-4c5da257be38	Schatzberg A	15	1		#FC622F	0.648453733863789
26ac872a-a363-35b4-ba38-4c5da257be38	Schatzberg A	16	1	emotion|motion|neutral	#FC622F	0.605423882370474
26ac872a-a363-35b4-ba38-4c5da257be38	Schatzberg A	17	1	rating	#FDAD4A	0.492137352901698
26ac872a-a363-35b4-ba38-4c5da257be38	Schatzberg A	18	1	negative|positive	#FECB68	0.391408420708555
26ac872a-a363-35b4-ba38-4c5da257be38	Schatzberg A	19	1		#FECB68	0.310535250618693
26ac872a-a363-35b4-ba38-4c5da257be38	Schatzberg A	20	1	ear|order	#FEE188	0.218521009781032
26ac872a-a363-35b4-ba38-4c5da257be38	Schatzberg A	21	1	motor	#FFF1A9	0.116088666078447
26ac872a-a363-35b4-ba38-4c5da257be38	Schatzberg A	22	1	visual	#FFFFCC	0.0899078188065525
26ac872a-a363-35b4-ba38-4c5da257be38	Schatzberg A	23	1	age|image|response	#FFF1A9	0.168152411626555
26ac872a-a363-35b4-ba38-4c5da257be38	Schatzberg A	1	2	sound|sounds	#FFFFCC	0.041773504811606
26ac872a-a363-35b4-ba38-4c5da257be38	Schatzberg A	2	2		#FFFFCC	0.0389373678098916
26ac872a-a363-35b4-ba38-4c5da257be38	Schatzberg A	3	2	audiovisual|bimodal|crossmodal	#FFFFCC	0.0461710358912482
26ac872a-a363-35b4-ba38-4c5da257be38	Schatzberg A	4	2		#FFF1A9	0.161427679021144
26ac872a-a363-35b4-ba38-4c5da257be38	Schatzberg A	5	2		#FEE188	0.21492661725539
26ac872a-a363-35b4-ba38-4c5da257be38	Schatzberg A	6	2		#FEE188	0.285656481910645
26ac872a-a363-35b4-ba38-4c5da257be38	Schatzberg A	7	2	sensation	#FECB68	0.312249792071972
26ac872a-a363-35b4-ba38-4c5da257be38	Schatzberg A	8	2	heat|noxious	#FECB68	0.306632629658001
26ac872a-a363-35b4-ba38-4c5da257be38	Schatzberg A	9	2		#FDAD4A	0.460380210511993
26ac872a-a363-35b4-ba38-4c5da257be38	Schatzberg A	10	2		#FC622F	0.662337269983537
26ac872a-a363-35b4-ba38-4c5da257be38	Schatzberg A	11	2		#FC622F	0.688684885907666
26ac872a-a363-35b4-ba38-4c5da257be38	Schatzberg A	12	2	valence	#F03623	0.728693478078975
26ac872a-a363-35b4-ba38-4c5da257be38	Schatzberg A	13	2	person|social	#FDAD4A	0.490531792514547
26ac872a-a363-35b4-ba38-4c5da257be38	Schatzberg A	14	2		#FC622F	0.68516635349104
26ac872a-a363-35b4-ba38-4c5da257be38	Schatzberg A	15	2	face|faces	#FD913D	0.549319121318313
26ac872a-a363-35b4-ba38-4c5da257be38	Schatzberg A	16	2		#FD913D	0.572768657090596
26ac872a-a363-35b4-ba38-4c5da257be38	Schatzberg A	17	2		#FD913D	0.504232290236642
26ac872a-a363-35b4-ba38-4c5da257be38	Schatzberg A	18	2		#FECB68	0.379611383668838
26ac872a-a363-35b4-ba38-4c5da257be38	Schatzberg A	19	2		#FEE188	0.281220922359452
26ac872a-a363-35b4-ba38-4c5da257be38	Schatzberg A	20	2		#FFF1A9	0.195634574579574
26ac872a-a363-35b4-ba38-4c5da257be38	Schatzberg A	21	2	images|spatial	#FFF1A9	0.192543868264802
26ac872a-a363-35b4-ba38-4c5da257be38	Schatzberg A	22	2	control	#FFF1A9	0.171087172998641
26ac872a-a363-35b4-ba38-4c5da257be38	Schatzberg A	23	2	time	#FFF1A9	0.143203672431012
26ac872a-a363-35b4-ba38-4c5da257be38	Schatzberg A	1	3	acoustic|listening|musical|music|pitch	#FFFFCC	0.0185087885950773
26ac872a-a363-35b4-ba38-4c5da257be38	Schatzberg A	2	3	noise|tones	#FFFFCC	0
26ac872a-a363-35b4-ba38-4c5da257be38	Schatzberg A	3	3		#FFFFCC	0.084190763768402
26ac872a-a363-35b4-ba38-4c5da257be38	Schatzberg A	4	3		#FFF1A9	0.111127113824207
26ac872a-a363-35b4-ba38-4c5da257be38	Schatzberg A	5	3	frequency	#FFF1A9	0.110823967120329
26ac872a-a363-35b4-ba38-4c5da257be38	Schatzberg A	6	3		#FEE188	0.241679698257849
26ac872a-a363-35b4-ba38-4c5da257be38	Schatzberg A	7	3		#FECB68	0.351872341278944
26ac872a-a363-35b4-ba38-4c5da257be38	Schatzberg A	8	3	temperature	#FEE188	0.294305528254765
26ac872a-a363-35b4-ba38-4c5da257be38	Schatzberg A	9	3		#FDAD4A	0.4492611391613
26ac872a-a363-35b4-ba38-4c5da257be38	Schatzberg A	10	3	pleasant|unpleasant	#FC622F	0.644424346978958
26ac872a-a363-35b4-ba38-4c5da257be38	Schatzberg A	11	3	anxiety	#F03623	0.742053650825802
26ac872a-a363-35b4-ba38-4c5da257be38	Schatzberg A	12	3		#F03623	0.702918020279619
26ac872a-a363-35b4-ba38-4c5da257be38	Schatzberg A	13	3		#FC622F	0.652567819325009
26ac872a-a363-35b4-ba38-4c5da257be38	Schatzberg A	14	3		#FC622F	0.660628322097746
26ac872a-a363-35b4-ba38-4c5da257be38	Schatzberg A	15	3		#FC622F	0.616050515949987
26ac872a-a363-35b4-ba38-4c5da257be38	Schatzberg A	16	3	picture	#FDAD4A	0.498976728406303
26ac872a-a363-35b4-ba38-4c5da257be38	Schatzberg A	17	3		#FDAD4A	0.461079861743974
26ac872a-a363-35b4-ba38-4c5da257be38	Schatzberg A	18	3	value	#FEE188	0.282342174380184
26ac872a-a363-35b4-ba38-4c5da257be38	Schatzberg A	19	3	cue	#FEE188	0.216005256418701
26ac872a-a363-35b4-ba38-4c5da257be38	Schatzberg A	20	3	error|target	#FFF1A9	0.133399417039498
26ac872a-a363-35b4-ba38-4c5da257be38	Schatzberg A	21	3	attention	#FFF1A9	0.129987138993049
26ac872a-a363-35b4-ba38-4c5da257be38	Schatzberg A	22	3		#FFF1A9	0.141913223266601
26ac872a-a363-35b4-ba38-4c5da257be38	Schatzberg A	23	3	number	#FFF1A9	0.133433255236418
26ac872a-a363-35b4-ba38-4c5da257be38	Schatzberg A	1	4	voice	#FFFFCC	0.0115005151181411
26ac872a-a363-35b4-ba38-4c5da257be38	Schatzberg A	2	4		#FFFFCC	0.0339054872335074
26ac872a-a363-35b4-ba38-4c5da257be38	Schatzberg A	3	4	hearing	#FFFFCC	0.0307822320315626
26ac872a-a363-35b4-ba38-4c5da257be38	Schatzberg A	4	4		#FFF1A9	0.107602753508196
26ac872a-a363-35b4-ba38-4c5da257be38	Schatzberg A	5	4	overt	#FFF1A9	0.111533541998892
26ac872a-a363-35b4-ba38-4c5da257be38	Schatzberg A	6	4		#FFF1A9	0.182999963906785
26ac872a-a363-35b4-ba38-4c5da257be38	Schatzberg A	7	4		#FECB68	0.362127084912723
26ac872a-a363-35b4-ba38-4c5da257be38	Schatzberg A	8	4	nociceptive|nonpainful|painrelated	#FECB68	0.399612653111369
26ac872a-a363-35b4-ba38-4c5da257be38	Schatzberg A	9	4	unpleasantness	#FDAD4A	0.411275535996593
26ac872a-a363-35b4-ba38-4c5da257be38	Schatzberg A	10	4	skin|subjective	#FDAD4A	0.403528014441621
26ac872a-a363-35b4-ba38-4c5da257be38	Schatzberg A	11	4	depression	#FC622F	0.60088987162056
26ac872a-a363-35b4-ba38-4c5da257be38	Schatzberg A	12	4	experience	#FD913D	0.514182824931142
26ac872a-a363-35b4-ba38-4c5da257be38	Schatzberg A	13	4	female	#FC622F	0.627652077760899
26ac872a-a363-35b4-ba38-4c5da257be38	Schatzberg A	14	4	male	#FD913D	0.591302802426149
26ac872a-a363-35b4-ba38-4c5da257be38	Schatzberg A	15	4	pictures	#FD913D	0.57333206440865
26ac872a-a363-35b4-ba38-4c5da257be38	Schatzberg A	16	4		#FDAD4A	0.462447771157262
26ac872a-a363-35b4-ba38-4c5da257be38	Schatzberg A	17	4	perception	#FEE188	0.2584318073287
26ac872a-a363-35b4-ba38-4c5da257be38	Schatzberg A	18	4		#FEE188	0.225995198357656
26ac872a-a363-35b4-ba38-4c5da257be38	Schatzberg A	19	4		#FFF1A9	0.19076672459932
26ac872a-a363-35b4-ba38-4c5da257be38	Schatzberg A	20	4		#FFF1A9	0.161635773786572
26ac872a-a363-35b4-ba38-4c5da257be38	Schatzberg A	21	4	correct	#FFF1A9	0.14069850993906
26ac872a-a363-35b4-ba38-4c5da257be38	Schatzberg A	22	4	work	#FFF1A9	0.13940944251396
26ac872a-a363-35b4-ba38-4c5da257be38	Schatzberg A	23	4	memory	#FFF1A9	0.154360086197509
26ac872a-a363-35b4-ba38-4c5da257be38	Schatzberg A	1	5	prosodic|prosody	#FFFFCC	0.0381549366171512
26ac872a-a363-35b4-ba38-4c5da257be38	Schatzberg A	2	5	phonetic	#FFFFCC	0.0487401052278029
26ac872a-a363-35b4-ba38-4c5da257be38	Schatzberg A	3	5	syllable|syllables	#FFFFCC	0.0270825868625025
26ac872a-a363-35b4-ba38-4c5da257be38	Schatzberg A	4	5		#FFF1A9	0.105965033693722
26ac872a-a363-35b4-ba38-4c5da257be38	Schatzberg A	5	5	lip|production	#FFF1A9	0.157384913470815
26ac872a-a363-35b4-ba38-4c5da257be38	Schatzberg A	6	5	somatotopic	#FEE188	0.263222773601371
26ac872a-a363-35b4-ba38-4c5da257be38	Schatzberg A	7	5		#FECB68	0.307046499372597
26ac872a-a363-35b4-ba38-4c5da257be38	Schatzberg A	8	5		#FECB68	0.346964483001926
26ac872a-a363-35b4-ba38-4c5da257be38	Schatzberg A	9	5	empathy	#FDAD4A	0.411168238257061
26ac872a-a363-35b4-ba38-4c5da257be38	Schatzberg A	10	5		#FDAD4A	0.482053642857186
26ac872a-a363-35b4-ba38-4c5da257be38	Schatzberg A	11	5	disorder	#FD913D	0.554456186293453
26ac872a-a363-35b4-ba38-4c5da257be38	Schatzberg A	12	5		#FD913D	0.518331001826044
26ac872a-a363-35b4-ba38-4c5da257be38	Schatzberg A	13	5		#FDAD4A	0.468570829047936
26ac872a-a363-35b4-ba38-4c5da257be38	Schatzberg A	14	5		#FDAD4A	0.435411399439005
26ac872a-a363-35b4-ba38-4c5da257be38	Schatzberg A	15	5		#FDAD4A	0.412539543931006
26ac872a-a363-35b4-ba38-4c5da257be38	Schatzberg A	16	5		#FECB68	0.315165212202857
26ac872a-a363-35b4-ba38-4c5da257be38	Schatzberg A	17	5		#FEE188	0.219625608608257
26ac872a-a363-35b4-ba38-4c5da257be38	Schatzberg A	18	5	mental	#FFF1A9	0.160436042551712
26ac872a-a363-35b4-ba38-4c5da257be38	Schatzberg A	19	5	go	#FFF1A9	0.149359904475681
26ac872a-a363-35b4-ba38-4c5da257be38	Schatzberg A	20	5	object	#FFF1A9	0.100069440531429
26ac872a-a363-35b4-ba38-4c5da257be38	Schatzberg A	21	5		#FFF1A9	0.132170688618928
26ac872a-a363-35b4-ba38-4c5da257be38	Schatzberg A	22	5		#FFF1A9	0.114829722959077
26ac872a-a363-35b4-ba38-4c5da257be38	Schatzberg A	23	5	word|words	#FFFFCC	0.0638467990449954
26ac872a-a363-35b4-ba38-4c5da257be38	Schatzberg A	1	6		#FFF1A9	0.157297601846153
26ac872a-a363-35b4-ba38-4c5da257be38	Schatzberg A	2	6		#FFF1A9	0.141779433878785
26ac872a-a363-35b4-ba38-4c5da257be38	Schatzberg A	3	6		#FFF1A9	0.136365537666301
26ac872a-a363-35b4-ba38-4c5da257be38	Schatzberg A	4	6	vocal	#FFFFCC	0.0709075849865118
26ac872a-a363-35b4-ba38-4c5da257be38	Schatzberg A	5	6	articulatory	#FFFFCC	0.0616865413878367
26ac872a-a363-35b4-ba38-4c5da257be38	Schatzberg A	6	6		#FFF1A9	0.17431915237444
26ac872a-a363-35b4-ba38-4c5da257be38	Schatzberg A	7	6	oddball	#FFF1A9	0.135327389603316
26ac872a-a363-35b4-ba38-4c5da257be38	Schatzberg A	8	6	perceived	#FEE188	0.281445331632306
26ac872a-a363-35b4-ba38-4c5da257be38	Schatzberg A	9	6	errorrelated	#FFF1A9	0.180204955170352
26ac872a-a363-35b4-ba38-4c5da257be38	Schatzberg A	10	6	approach	#FECB68	0.393026173753143
26ac872a-a363-35b4-ba38-4c5da257be38	Schatzberg A	11	6	schizophrenia	#FDAD4A	0.427975848728967
26ac872a-a363-35b4-ba38-4c5da257be38	Schatzberg A	12	6	acquisition	#FECB68	0.313619421711607
26ac872a-a363-35b4-ba38-4c5da257be38	Schatzberg A	13	6		#FEE188	0.274535864170754
26ac872a-a363-35b4-ba38-4c5da257be38	Schatzberg A	14	6		#FFF1A9	0.130914432844838
26ac872a-a363-35b4-ba38-4c5da257be38	Schatzberg A	15	6		#FFF1A9	0.137656376626135
26ac872a-a363-35b4-ba38-4c5da257be38	Schatzberg A	16	6		#FFF1A9	0.135714615211996
26ac872a-a363-35b4-ba38-4c5da257be38	Schatzberg A	17	6		#FFF1A9	0.130777391069587
26ac872a-a363-35b4-ba38-4c5da257be38	Schatzberg A	18	6		#FFF1A9	0.120542677119138
26ac872a-a363-35b4-ba38-4c5da257be38	Schatzberg A	19	6		#FFF1A9	0.138098353087341
26ac872a-a363-35b4-ba38-4c5da257be38	Schatzberg A	20	6	objects	#FFF1A9	0.190878370372187
26ac872a-a363-35b4-ba38-4c5da257be38	Schatzberg A	21	6		#FFF1A9	0.139250791294078
26ac872a-a363-35b4-ba38-4c5da257be38	Schatzberg A	22	6		#FFFFCC	0.0956680160916917
26ac872a-a363-35b4-ba38-4c5da257be38	Schatzberg A	23	6	language|semantic	#FFFFCC	0.0637875769250074
26ac872a-a363-35b4-ba38-4c5da257be38	Schatzberg A	1	7	dopamine|dopaminergic	#FFF1A9	0.191428550120939
26ac872a-a363-35b4-ba38-4c5da257be38	Schatzberg A	2	7		#FEE188	0.205129765331202
26ac872a-a363-35b4-ba38-4c5da257be38	Schatzberg A	3	7		#FFF1A9	0.153632623345158
26ac872a-a363-35b4-ba38-4c5da257be38	Schatzberg A	4	7		#FFF1A9	0.130603108350056
26ac872a-a363-35b4-ba38-4c5da257be38	Schatzberg A	5	7		#FFF1A9	0.129741013446693
26ac872a-a363-35b4-ba38-4c5da257be38	Schatzberg A	6	7		#FFF1A9	0.175569350883161
26ac872a-a363-35b4-ba38-4c5da257be38	Schatzberg A	7	7		#FFF1A9	0.190816942581182
26ac872a-a363-35b4-ba38-4c5da257be38	Schatzberg A	8	7		#FEE188	0.246739904073428
26ac872a-a363-35b4-ba38-4c5da257be38	Schatzberg A	9	7		#FECB68	0.313286731932046
26ac872a-a363-35b4-ba38-4c5da257be38	Schatzberg A	10	7		#FECB68	0.318653371096707
26ac872a-a363-35b4-ba38-4c5da257be38	Schatzberg A	11	7		#FECB68	0.31360775411063
26ac872a-a363-35b4-ba38-4c5da257be38	Schatzberg A	12	7		#FEE188	0.251311237070525
26ac872a-a363-35b4-ba38-4c5da257be38	Schatzberg A	13	7	linguistic|spoken	#FFFFCC	0.0315014329120794
26ac872a-a363-35b4-ba38-4c5da257be38	Schatzberg A	14	7		#FFFFCC	0.0644589981277258
26ac872a-a363-35b4-ba38-4c5da257be38	Schatzberg A	15	7	comprehension|sentence|sentences|syntactic	#FFFFCC	0.0369597661945463
26ac872a-a363-35b4-ba38-4c5da257be38	Schatzberg A	16	7		#FFFFCC	0.0583360438892536
26ac872a-a363-35b4-ba38-4c5da257be38	Schatzberg A	17	7		#FFFFCC	0.0818466897051161
26ac872a-a363-35b4-ba38-4c5da257be38	Schatzberg A	18	7	phonological|reading|read	#FFFFCC	0.0548573303597688
26ac872a-a363-35b4-ba38-4c5da257be38	Schatzberg A	19	7		#FFF1A9	0.133149471525755
26ac872a-a363-35b4-ba38-4c5da257be38	Schatzberg A	20	7	perceptual|recognition	#FEE188	0.210455457014188
26ac872a-a363-35b4-ba38-4c5da257be38	Schatzberg A	21	7		#FFF1A9	0.167529221624102
26ac872a-a363-35b4-ba38-4c5da257be38	Schatzberg A	22	7		#FFF1A9	0.124078826716891
26ac872a-a363-35b4-ba38-4c5da257be38	Schatzberg A	23	7	verb	#FFF1A9	0.105148592155938
26ac872a-a363-35b4-ba38-4c5da257be38	Schatzberg A	1	8	outcome|reward	#FEE188	0.254803864565919
26ac872a-a363-35b4-ba38-4c5da257be38	Schatzberg A	2	8	anticipation	#FFF1A9	0.189530003857115
26ac872a-a363-35b4-ba38-4c5da257be38	Schatzberg A	3	8	outcomes	#FFF1A9	0.152728189399562
26ac872a-a363-35b4-ba38-4c5da257be38	Schatzberg A	4	8	choice|choices	#FFFFCC	0.0470418561570816
26ac872a-a363-35b4-ba38-4c5da257be38	Schatzberg A	5	8	decisions|probability	#FFF1A9	0.143927437152656
26ac872a-a363-35b4-ba38-4c5da257be38	Schatzberg A	6	8	reversal	#FFF1A9	0.128048302765421
26ac872a-a363-35b4-ba38-4c5da257be38	Schatzberg A	7	8	classification|incorrect	#FFF1A9	0.151194429850787
26ac872a-a363-35b4-ba38-4c5da257be38	Schatzberg A	8	8		#FEE188	0.24197975750277
26ac872a-a363-35b4-ba38-4c5da257be38	Schatzberg A	9	8	agerelated|fluency|probes	#FFF1A9	0.187979529487689
26ac872a-a363-35b4-ba38-4c5da257be38	Schatzberg A	10	8	engaged	#FFF1A9	0.181228102585586
26ac872a-a363-35b4-ba38-4c5da257be38	Schatzberg A	11	8	explicit|knowledge	#FEE188	0.203413972773808
26ac872a-a363-35b4-ba38-4c5da257be38	Schatzberg A	12	8		#FFF1A9	0.149962479988079
26ac872a-a363-35b4-ba38-4c5da257be38	Schatzberg A	13	8		#FFFFCC	0.0856335237454662
26ac872a-a363-35b4-ba38-4c5da257be38	Schatzberg A	14	8		#FFFFCC	0.0543974926883382
26ac872a-a363-35b4-ba38-4c5da257be38	Schatzberg A	15	8		#FFFFCC	0.0487041265810307
26ac872a-a363-35b4-ba38-4c5da257be38	Schatzberg A	16	8		#FFFFCC	0.0559241314923302
26ac872a-a363-35b4-ba38-4c5da257be38	Schatzberg A	17	8	lexical	#FFFFCC	0.0624441173916168
26ac872a-a363-35b4-ba38-4c5da257be38	Schatzberg A	18	8		#FFF1A9	0.110560699825094
26ac872a-a363-35b4-ba38-4c5da257be38	Schatzberg A	19	8		#FFF1A9	0.138953982698733
26ac872a-a363-35b4-ba38-4c5da257be38	Schatzberg A	20	8		#FFF1A9	0.19411583497665
26ac872a-a363-35b4-ba38-4c5da257be38	Schatzberg A	21	8	encoding	#FEE188	0.295006093974376
26ac872a-a363-35b4-ba38-4c5da257be38	Schatzberg A	22	8	retrieval	#FFF1A9	0.174635430877731
26ac872a-a363-35b4-ba38-4c5da257be38	Schatzberg A	23	8	verbal	#FFF1A9	0.157132669821446
26ac872a-a363-35b4-ba38-4c5da257be38	Schatzberg A	1	9	incentive|monetary|money|rewards	#FFF1A9	0.10641976317447
26ac872a-a363-35b4-ba38-4c5da257be38	Schatzberg A	2	9	loss	#FFF1A9	0.196108521281237
26ac872a-a363-35b4-ba38-4c5da257be38	Schatzberg A	3	9		#FEE188	0.210030102526234
26ac872a-a363-35b4-ba38-4c5da257be38	Schatzberg A	4	9		#FEE188	0.215785210230642
26ac872a-a363-35b4-ba38-4c5da257be38	Schatzberg A	5	9	decisionmaking	#FFFFCC	0.0961081085404674
26ac872a-a363-35b4-ba38-4c5da257be38	Schatzberg A	6	9		#FEE188	0.267629778415583
26ac872a-a363-35b4-ba38-4c5da257be38	Schatzberg A	7	9		#FEE188	0.271223693080503
26ac872a-a363-35b4-ba38-4c5da257be38	Schatzberg A	8	9		#FEE188	0.274922533146784
26ac872a-a363-35b4-ba38-4c5da257be38	Schatzberg A	9	9		#FEE188	0.260832631089865
26ac872a-a363-35b4-ba38-4c5da257be38	Schatzberg A	10	9		#FFF1A9	0.19721199942619
26ac872a-a363-35b4-ba38-4c5da257be38	Schatzberg A	11	9		#FFF1A9	0.144031358227217
26ac872a-a363-35b4-ba38-4c5da257be38	Schatzberg A	12	9		#FFF1A9	0.125759762518299
26ac872a-a363-35b4-ba38-4c5da257be38	Schatzberg A	13	9	noun	#FFFFCC	0.0785744637994843
26ac872a-a363-35b4-ba38-4c5da257be38	Schatzberg A	14	9	meaning	#FFFFCC	0.0619878447033995
26ac872a-a363-35b4-ba38-4c5da257be38	Schatzberg A	15	9	english	#FFFFCC	0.0489457590300246
26ac872a-a363-35b4-ba38-4c5da257be38	Schatzberg A	16	9	pseudoword|pseudowords	#FFFFCC	0.0509458865310559
26ac872a-a363-35b4-ba38-4c5da257be38	Schatzberg A	17	9		#FFFFCC	0.0891861079277184
26ac872a-a363-35b4-ba38-4c5da257be38	Schatzberg A	18	9		#FFF1A9	0.141723712902643
26ac872a-a363-35b4-ba38-4c5da257be38	Schatzberg A	19	9	familiar|judgment	#FFF1A9	0.195611910636067
26ac872a-a363-35b4-ba38-4c5da257be38	Schatzberg A	20	9	pair|pairs	#FFF1A9	0.166425124854152
26ac872a-a363-35b4-ba38-4c5da257be38	Schatzberg A	21	9		#FEE188	0.199467019979366
26ac872a-a363-35b4-ba38-4c5da257be38	Schatzberg A	22	9		#FFF1A9	0.160547500721033
26ac872a-a363-35b4-ba38-4c5da257be38	Schatzberg A	23	9	letter|working	#FFF1A9	0.10034010385416
26ac872a-a363-35b4-ba38-4c5da257be38	Schatzberg A	1	10	losses|reinforcement|win	#FFF1A9	0.13742014394039
26ac872a-a363-35b4-ba38-4c5da257be38	Schatzberg A	2	10	gain	#FFF1A9	0.149043478915275
26ac872a-a363-35b4-ba38-4c5da257be38	Schatzberg A	3	10	expectation	#FECB68	0.347733184590644
26ac872a-a363-35b4-ba38-4c5da257be38	Schatzberg A	4	10	risk	#FECB68	0.370721261941933
26ac872a-a363-35b4-ba38-4c5da257be38	Schatzberg A	5	10	fact	#FD913D	0.538560307191692
26ac872a-a363-35b4-ba38-4c5da257be38	Schatzberg A	6	10	associative	#FDAD4A	0.412959963197536
26ac872a-a363-35b4-ba38-4c5da257be38	Schatzberg A	7	10	familiarity|judgments|old	#FEE188	0.237049522445912
26ac872a-a363-35b4-ba38-4c5da257be38	Schatzberg A	8	10	contextual|text	#FEE188	0.294407922531613
26ac872a-a363-35b4-ba38-4c5da257be38	Schatzberg A	9	10	recall|retrieved	#FEE188	0.244540321301717
26ac872a-a363-35b4-ba38-4c5da257be38	Schatzberg A	10	10	conceptual|semantically	#FFFFCC	0.0925332219341211
26ac872a-a363-35b4-ba38-4c5da257be38	Schatzberg A	11	10	grammatical|speakers	#FFFFCC	0.0497912334753155
26ac872a-a363-35b4-ba38-4c5da257be38	Schatzberg A	12	10	nouns	#FFFFCC	0.0897121213671757
26ac872a-a363-35b4-ba38-4c5da257be38	Schatzberg A	13	10	japanese	#FFFFCC	0.060429070160344
26ac872a-a363-35b4-ba38-4c5da257be38	Schatzberg A	14	10	languages	#FFFFCC	0.0640875388002353
26ac872a-a363-35b4-ba38-4c5da257be38	Schatzberg A	15	10	written	#FFFFCC	0.0336172728575086
26ac872a-a363-35b4-ba38-4c5da257be38	Schatzberg A	16	10	chinese|phonology	#FFFFCC	0.0616584397585594
26ac872a-a363-35b4-ba38-4c5da257be38	Schatzberg A	17	10	orthographic	#FFFFCC	0.0731761165728101
26ac872a-a363-35b4-ba38-4c5da257be38	Schatzberg A	18	10		#FFF1A9	0.173252336835549
26ac872a-a363-35b4-ba38-4c5da257be38	Schatzberg A	19	10		#FEE188	0.20961650244744
26ac872a-a363-35b4-ba38-4c5da257be38	Schatzberg A	20	10	association|decision	#FEE188	0.246031870586582
26ac872a-a363-35b4-ba38-4c5da257be38	Schatzberg A	21	10	selection	#FFF1A9	0.100039924909818
26ac872a-a363-35b4-ba38-4c5da257be38	Schatzberg A	22	10	letters	#FFF1A9	0.107824953064267
26ac872a-a363-35b4-ba38-4c5da257be38	Schatzberg A	23	10	demand|load	#FFFFCC	0.0941597230722245
26ac872a-a363-35b4-ba38-4c5da257be38	Schatzberg A	1	11	conditioned|conditioning	#FDAD4A	0.46654014890384
26ac872a-a363-35b4-ba38-4c5da257be38	Schatzberg A	2	11		#FD913D	0.517412660703186
26ac872a-a363-35b4-ba38-4c5da257be38	Schatzberg A	3	11	drug|placebo	#FDAD4A	0.476468425844318
26ac872a-a363-35b4-ba38-4c5da257be38	Schatzberg A	4	11		#FD913D	0.581405635565021
26ac872a-a363-35b4-ba38-4c5da257be38	Schatzberg A	5	11	associations	#FDAD4A	0.470862344831506
26ac872a-a363-35b4-ba38-4c5da257be38	Schatzberg A	6	11		#FDAD4A	0.498138046167901
26ac872a-a363-35b4-ba38-4c5da257be38	Schatzberg A	7	11	episodic|recollection	#FEE188	0.299111136343711
26ac872a-a363-35b4-ba38-4c5da257be38	Schatzberg A	8	11		#FDAD4A	0.44972684665255
26ac872a-a363-35b4-ba38-4c5da257be38	Schatzberg A	9	11		#FEE188	0.251260079005091
26ac872a-a363-35b4-ba38-4c5da257be38	Schatzberg A	10	11	concepts	#FFF1A9	0.109498256082548
26ac872a-a363-35b4-ba38-4c5da257be38	Schatzberg A	11	11		#FFF1A9	0.125492439779045
26ac872a-a363-35b4-ba38-4c5da257be38	Schatzberg A	12	11		#FFF1A9	0.111551578833724
26ac872a-a363-35b4-ba38-4c5da257be38	Schatzberg A	13	11	german	#FFF1A9	0.133882767440419
26ac872a-a363-35b4-ba38-4c5da257be38	Schatzberg A	14	11	readers	#FFFFCC	0.0373946442775536
26ac872a-a363-35b4-ba38-4c5da257be38	Schatzberg A	15	11	character|name|naming	#FFFFCC	0.0860736896360697
26ac872a-a363-35b4-ba38-4c5da257be38	Schatzberg A	16	11		#FFF1A9	0.132594972520127
26ac872a-a363-35b4-ba38-4c5da257be38	Schatzberg A	17	11	novel	#FFF1A9	0.170528215379721
26ac872a-a363-35b4-ba38-4c5da257be38	Schatzberg A	18	11		#FFF1A9	0.179751398245318
26ac872a-a363-35b4-ba38-4c5da257be38	Schatzberg A	19	11	child|children	#FFF1A9	0.150834609890564
26ac872a-a363-35b4-ba38-4c5da257be38	Schatzberg A	20	11	adults	#FEE188	0.211365083476168
26ac872a-a363-35b4-ba38-4c5da257be38	Schatzberg A	21	11	ability|feedback|learning	#FEE188	0.226711207221899
26ac872a-a363-35b4-ba38-4c5da257be38	Schatzberg A	22	11	cues|delay	#FFF1A9	0.19716787738952
26ac872a-a363-35b4-ba38-4c5da257be38	Schatzberg A	23	11	attentional|difficulty|targets	#FFF1A9	0.14119436450687
26ac872a-a363-35b4-ba38-4c5da257be38	Schatzberg A	1	12	aversive|shock	#FD913D	0.551517651072935
26ac872a-a363-35b4-ba38-4c5da257be38	Schatzberg A	2	12	reactivity	#FC622F	0.626688593589341
26ac872a-a363-35b4-ba38-4c5da257be38	Schatzberg A	3	12	males|sex|women	#FC622F	0.666523505468216
26ac872a-a363-35b4-ba38-4c5da257be38	Schatzberg A	4	12	animal	#FDAD4A	0.430310969182193
26ac872a-a363-35b4-ba38-4c5da257be38	Schatzberg A	5	12	animals	#FEE188	0.220765333274771
26ac872a-a363-35b4-ba38-4c5da257be38	Schatzberg A	6	12		#FD913D	0.537442280244279
26ac872a-a363-35b4-ba38-4c5da257be38	Schatzberg A	7	12	remember|subsequent	#FD913D	0.543348969613009
26ac872a-a363-35b4-ba38-4c5da257be38	Schatzberg A	8	12	autobiographical|memories	#FECB68	0.399577831736368
26ac872a-a363-35b4-ba38-4c5da257be38	Schatzberg A	9	12		#FEE188	0.244770323763997
26ac872a-a363-35b4-ba38-4c5da257be38	Schatzberg A	10	12	violation|violations	#FFFFCC	0.0628400600114637
26ac872a-a363-35b4-ba38-4c5da257be38	Schatzberg A	11	12	aphasia	#FFF1A9	0.146556066176333
26ac872a-a363-35b4-ba38-4c5da257be38	Schatzberg A	12	12	nonwords	#FFF1A9	0.141627679181426
26ac872a-a363-35b4-ba38-4c5da257be38	Schatzberg A	13	12	dyslexia	#FFFFCC	0.0662396671540908
26ac872a-a363-35b4-ba38-4c5da257be38	Schatzberg A	14	12		#FFF1A9	0.106103348039315
26ac872a-a363-35b4-ba38-4c5da257be38	Schatzberg A	15	12	priming	#FFF1A9	0.113036413647939
26ac872a-a363-35b4-ba38-4c5da257be38	Schatzberg A	16	12		#FFF1A9	0.187301710108237
26ac872a-a363-35b4-ba38-4c5da257be38	Schatzberg A	17	12	category|repetition	#FEE188	0.208660359587005
26ac872a-a363-35b4-ba38-4c5da257be38	Schatzberg A	18	12		#FEE188	0.206117490404867
26ac872a-a363-35b4-ba38-4c5da257be38	Schatzberg A	19	12	developmental|development	#FFF1A9	0.122821923773313
26ac872a-a363-35b4-ba38-4c5da257be38	Schatzberg A	20	12		#FFF1A9	0.192500078724779
26ac872a-a363-35b4-ba38-4c5da257be38	Schatzberg A	21	12	space	#FEE188	0.223378537124581
26ac872a-a363-35b4-ba38-4c5da257be38	Schatzberg A	22	12		#FFF1A9	0.128413271166319
26ac872a-a363-35b4-ba38-4c5da257be38	Schatzberg A	23	12	color	#FFFFCC	0.0939778918130192
26ac872a-a363-35b4-ba38-4c5da257be38	Schatzberg A	1	13	threat	#D7141E	0.899676940752616
26ac872a-a363-35b4-ba38-4c5da257be38	Schatzberg A	2	13	regulation	#FC622F	0.629596067771637
26ac872a-a363-35b4-ba38-4c5da257be38	Schatzberg A	3	13		#F03623	0.78327440719559
26ac872a-a363-35b4-ba38-4c5da257be38	Schatzberg A	4	13	masked	#FD913D	0.591562726974288
26ac872a-a363-35b4-ba38-4c5da257be38	Schatzberg A	5	13	scene|scenes	#FDAD4A	0.411968931785787
26ac872a-a363-35b4-ba38-4c5da257be38	Schatzberg A	6	13		#FD913D	0.572933597673709
26ac872a-a363-35b4-ba38-4c5da257be38	Schatzberg A	7	13	confidence|remembered	#FDAD4A	0.491172597127152
26ac872a-a363-35b4-ba38-4c5da257be38	Schatzberg A	8	13		#FD913D	0.529820387794459
26ac872a-a363-35b4-ba38-4c5da257be38	Schatzberg A	9	13		#FEE188	0.258392510866313
26ac872a-a363-35b4-ba38-4c5da257be38	Schatzberg A	10	13	ambiguity|ambiguous	#FFFFCC	0.0953307022835315
26ac872a-a363-35b4-ba38-4c5da257be38	Schatzberg A	11	13		#FFF1A9	0.165535400808508
26ac872a-a363-35b4-ba38-4c5da257be38	Schatzberg A	12	13		#FFF1A9	0.15429552826157
26ac872a-a363-35b4-ba38-4c5da257be38	Schatzberg A	13	13	writing	#FFFFCC	0.0459630521662341
26ac872a-a363-35b4-ba38-4c5da257be38	Schatzberg A	14	13		#FFF1A9	0.159381586344677
26ac872a-a363-35b4-ba38-4c5da257be38	Schatzberg A	15	13	categorization|congruency|prime	#FFFFCC	0.0919732549213073
26ac872a-a363-35b4-ba38-4c5da257be38	Schatzberg A	16	13		#FEE188	0.21348482220825
26ac872a-a363-35b4-ba38-4c5da257be38	Schatzberg A	17	13	mask	#FEE188	0.264266065677454
26ac872a-a363-35b4-ba38-4c5da257be38	Schatzberg A	18	13		#FFF1A9	0.195171928980824
26ac872a-a363-35b4-ba38-4c5da257be38	Schatzberg A	19	13		#FFF1A9	0.151324594636599
26ac872a-a363-35b4-ba38-4c5da257be38	Schatzberg A	20	13		#FFF1A9	0.151425683922991
26ac872a-a363-35b4-ba38-4c5da257be38	Schatzberg A	21	13	conflict|congruent|incongruent	#FFF1A9	0.132659023553345
26ac872a-a363-35b4-ba38-4c5da257be38	Schatzberg A	22	13	errors	#FFFFCC	0.085951791414527
26ac872a-a363-35b4-ba38-4c5da257be38	Schatzberg A	23	13	maintenance|probe|wm	#FFFFCC	0.0719864736606636
26ac872a-a363-35b4-ba38-4c5da257be38	Schatzberg A	1	14	angry|fearful|happy	#B10026	0.962228053496051
26ac872a-a363-35b4-ba38-4c5da257be38	Schatzberg A	2	14		#B10026	0.938159515004484
26ac872a-a363-35b4-ba38-4c5da257be38	Schatzberg A	3	14	awareness|conscious|ptsd	#FD913D	0.581793323270374
26ac872a-a363-35b4-ba38-4c5da257be38	Schatzberg A	4	14		#FC622F	0.633158004408875
26ac872a-a363-35b4-ba38-4c5da257be38	Schatzberg A	5	14	houses|photographs	#FECB68	0.357348186128014
26ac872a-a363-35b4-ba38-4c5da257be38	Schatzberg A	6	14		#FC622F	0.604225579436041
26ac872a-a363-35b4-ba38-4c5da257be38	Schatzberg A	7	14	hits	#FD913D	0.529052901036357
26ac872a-a363-35b4-ba38-4c5da257be38	Schatzberg A	8	14	famous	#FDAD4A	0.400754886958242
26ac872a-a363-35b4-ba38-4c5da257be38	Schatzberg A	9	14	names	#FFF1A9	0.158033089386394
26ac872a-a363-35b4-ba38-4c5da257be38	Schatzberg A	10	14	family	#FEE188	0.230920257878515
26ac872a-a363-35b4-ba38-4c5da257be38	Schatzberg A	11	14	competition|mouth	#FFF1A9	0.180692798462241
26ac872a-a363-35b4-ba38-4c5da257be38	Schatzberg A	12	14	abilities	#FFF1A9	0.18334495123029
26ac872a-a363-35b4-ba38-4c5da257be38	Schatzberg A	13	14	implicit|unfamiliar	#FEE188	0.204569616640972
26ac872a-a363-35b4-ba38-4c5da257be38	Schatzberg A	14	14		#FEE188	0.204276575996597
26ac872a-a363-35b4-ba38-4c5da257be38	Schatzberg A	15	14	tom	#FFF1A9	0.1823196538577
26ac872a-a363-35b4-ba38-4c5da257be38	Schatzberg A	16	14		#FEE188	0.243198232753651
26ac872a-a363-35b4-ba38-4c5da257be38	Schatzberg A	17	14		#FEE188	0.220394451644508
26ac872a-a363-35b4-ba38-4c5da257be38	Schatzberg A	18	14	stop	#FFF1A9	0.110740214649358
26ac872a-a363-35b4-ba38-4c5da257be38	Schatzberg A	19	14	inhibition|inhibitory|nogo	#FFF1A9	0.108258167740873
26ac872a-a363-35b4-ba38-4c5da257be38	Schatzberg A	20	14	monitoring|stroop	#FFF1A9	0.133555073497736
26ac872a-a363-35b4-ba38-4c5da257be38	Schatzberg A	21	14	interference	#FFFFCC	0.0920748449370906
26ac872a-a363-35b4-ba38-4c5da257be38	Schatzberg A	22	14		#FFF1A9	0.100820476099554
26ac872a-a363-35b4-ba38-4c5da257be38	Schatzberg A	23	14	demands|executive	#FFFFCC	0.0633469267875602
26ac872a-a363-35b4-ba38-4c5da257be38	Schatzberg A	1	15	anger	#B10026	0.991897531032547
26ac872a-a363-35b4-ba38-4c5da257be38	Schatzberg A	2	15	stress	#D7141E	0.857961492113053
26ac872a-a363-35b4-ba38-4c5da257be38	Schatzberg A	3	15	feelings	#FDAD4A	0.487403242638032
26ac872a-a363-35b4-ba38-4c5da257be38	Schatzberg A	4	15	salient	#F03623	0.745143459916484
26ac872a-a363-35b4-ba38-4c5da257be38	Schatzberg A	5	15	novelty	#FD913D	0.548060012867816
26ac872a-a363-35b4-ba38-4c5da257be38	Schatzberg A	6	15	movie	#FD913D	0.544829941300806
26ac872a-a363-35b4-ba38-4c5da257be38	Schatzberg A	7	15		#FDAD4A	0.473176634217624
26ac872a-a363-35b4-ba38-4c5da257be38	Schatzberg A	8	15		#FECB68	0.34502198202926
26ac872a-a363-35b4-ba38-4c5da257be38	Schatzberg A	9	15	longterm	#FFF1A9	0.104491619338644
26ac872a-a363-35b4-ba38-4c5da257be38	Schatzberg A	10	15		#FFF1A9	0.16835609883643
26ac872a-a363-35b4-ba38-4c5da257be38	Schatzberg A	11	15	reasoning|relational	#FFFFCC	0.0507294052555841
26ac872a-a363-35b4-ba38-4c5da257be38	Schatzberg A	12	15		#FFF1A9	0.167293226257408
26ac872a-a363-35b4-ba38-4c5da257be38	Schatzberg A	13	15	presentations	#FFF1A9	0.100106469661644
26ac872a-a363-35b4-ba38-4c5da257be38	Schatzberg A	14	15		#FEE188	0.222513539931509
26ac872a-a363-35b4-ba38-4c5da257be38	Schatzberg A	15	15	identity	#FECB68	0.319838334527025
26ac872a-a363-35b4-ba38-4c5da257be38	Schatzberg A	16	15		#FEE188	0.235263214333096
26ac872a-a363-35b4-ba38-4c5da257be38	Schatzberg A	17	15	strategies|strategy	#FFF1A9	0.189632278230715
26ac872a-a363-35b4-ba38-4c5da257be38	Schatzberg A	18	15	card|cards	#FFFFCC	0.0748197301240442
26ac872a-a363-35b4-ba38-4c5da257be38	Schatzberg A	19	15	gonogo	#FFF1A9	0.117313140458424
26ac872a-a363-35b4-ba38-4c5da257be38	Schatzberg A	20	15		#FFF1A9	0.119023721117125
26ac872a-a363-35b4-ba38-4c5da257be38	Schatzberg A	21	15	switching|switch	#FFFFCC	0.092761856415305
26ac872a-a363-35b4-ba38-4c5da257be38	Schatzberg A	22	15		#FFF1A9	0.100878237109549
26ac872a-a363-35b4-ba38-4c5da257be38	Schatzberg A	23	15	2back|rule	#FFFFCC	0.0610335084632324
26ac872a-a363-35b4-ba38-4c5da257be38	Schatzberg A	1	16	emotionally|mood|personality|sadness	#B10026	1
26ac872a-a363-35b4-ba38-4c5da257be38	Schatzberg A	2	16	disgust|sexual	#FD913D	0.576389293288528
26ac872a-a363-35b4-ba38-4c5da257be38	Schatzberg A	3	16	olfactory	#F03623	0.78997944545962
26ac872a-a363-35b4-ba38-4c5da257be38	Schatzberg A	4	16	physiological	#FC622F	0.618608918846924
26ac872a-a363-35b4-ba38-4c5da257be38	Schatzberg A	5	16	depressed|depressive|habituation	#FC622F	0.652944798428101
26ac872a-a363-35b4-ba38-4c5da257be38	Schatzberg A	6	16	schizophrenic	#FEE188	0.2391754101812
26ac872a-a363-35b4-ba38-4c5da257be38	Schatzberg A	7	16	colors|contexts	#FFF1A9	0.170805345531867
26ac872a-a363-35b4-ba38-4c5da257be38	Schatzberg A	8	16	aging|encoded	#FFF1A9	0.18516279474487
26ac872a-a363-35b4-ba38-4c5da257be38	Schatzberg A	9	16	goal	#FFFFCC	0.0286274668538185
26ac872a-a363-35b4-ba38-4c5da257be38	Schatzberg A	10	16		#FFF1A9	0.123255470353628
26ac872a-a363-35b4-ba38-4c5da257be38	Schatzberg A	11	16	autism|autistic|nonverbal	#FFF1A9	0.109873797869072
26ac872a-a363-35b4-ba38-4c5da257be38	Schatzberg A	12	16		#FFF1A9	0.157661981168608
26ac872a-a363-35b4-ba38-4c5da257be38	Schatzberg A	13	16	bottomup|repetitions	#FFF1A9	0.189394384283971
26ac872a-a363-35b4-ba38-4c5da257be38	Schatzberg A	14	16	adaptation	#FFF1A9	0.126366873864306
26ac872a-a363-35b4-ba38-4c5da257be38	Schatzberg A	15	16	irrelevant	#FEE188	0.199631415525206
26ac872a-a363-35b4-ba38-4c5da257be38	Schatzberg A	16	16	distractor|distractors	#FFF1A9	0.143525613909189
26ac872a-a363-35b4-ba38-4c5da257be38	Schatzberg A	17	16		#FFF1A9	0.172055401379004
26ac872a-a363-35b4-ba38-4c5da257be38	Schatzberg A	18	16	subtraction	#FFFFCC	0.0394359899246406
26ac872a-a363-35b4-ba38-4c5da257be38	Schatzberg A	19	16	1back|nback	#FFF1A9	0.115789968867828
26ac872a-a363-35b4-ba38-4c5da257be38	Schatzberg A	20	16	manipulation|rules	#FFF1A9	0.113451660212204
26ac872a-a363-35b4-ba38-4c5da257be38	Schatzberg A	21	16		#FFF1A9	0.114339524546869
26ac872a-a363-35b4-ba38-4c5da257be38	Schatzberg A	22	16		#FFFFCC	0.0915218632612572
26ac872a-a363-35b4-ba38-4c5da257be38	Schatzberg A	23	16	digit	#FFFFCC	0.0944801851736214
26ac872a-a363-35b4-ba38-4c5da257be38	Schatzberg A	1	17	avoidance	#FC622F	0.635748157159108
26ac872a-a363-35b4-ba38-4c5da257be38	Schatzberg A	2	17		#D7141E	0.806473190682706
26ac872a-a363-35b4-ba38-4c5da257be38	Schatzberg A	3	17	eating|food	#FDAD4A	0.441469734253501
26ac872a-a363-35b4-ba38-4c5da257be38	Schatzberg A	4	17	taste	#FECB68	0.333560757112175
26ac872a-a363-35b4-ba38-4c5da257be38	Schatzberg A	5	17	bipolar	#FDAD4A	0.416150657356014
26ac872a-a363-35b4-ba38-4c5da257be38	Schatzberg A	6	17	illness|uncertainty	#FFF1A9	0.190414536516131
26ac872a-a363-35b4-ba38-4c5da257be38	Schatzberg A	7	17	females|probabilistic	#FEE188	0.271468716872753
26ac872a-a363-35b4-ba38-4c5da257be38	Schatzberg A	8	17	rejection	#FFFFCC	0.0434018573492468
26ac872a-a363-35b4-ba38-4c5da257be38	Schatzberg A	9	17	colour|paired	#FFF1A9	0.169960528474745
26ac872a-a363-35b4-ba38-4c5da257be38	Schatzberg A	10	17		#FFF1A9	0.155949187734122
26ac872a-a363-35b4-ba38-4c5da257be38	Schatzberg A	11	17		#FFF1A9	0.136871551737825
26ac872a-a363-35b4-ba38-4c5da257be38	Schatzberg A	12	17		#FFF1A9	0.142814952923529
26ac872a-a363-35b4-ba38-4c5da257be38	Schatzberg A	13	17	taskirrelevant	#FFF1A9	0.117154726117705
26ac872a-a363-35b4-ba38-4c5da257be38	Schatzberg A	14	17		#FFF1A9	0.119723778343851
26ac872a-a363-35b4-ba38-4c5da257be38	Schatzberg A	15	17	suppression	#FFF1A9	0.187872594213255
26ac872a-a363-35b4-ba38-4c5da257be38	Schatzberg A	16	17		#FFF1A9	0.109259286377748
26ac872a-a363-35b4-ba38-4c5da257be38	Schatzberg A	17	17	shifting|shortterm	#FFF1A9	0.109202284245088
26ac872a-a363-35b4-ba38-4c5da257be38	Schatzberg A	18	17	digits	#FFF1A9	0.127958001760176
26ac872a-a363-35b4-ba38-4c5da257be38	Schatzberg A	19	17	search	#FFF1A9	0.142330963760708
26ac872a-a363-35b4-ba38-4c5da257be38	Schatzberg A	20	17	counting|taskrelated	#FFF1A9	0.103429481903024
26ac872a-a363-35b4-ba38-4c5da257be38	Schatzberg A	21	17	topdown	#FFFFCC	0.0807310683857797
26ac872a-a363-35b4-ba38-4c5da257be38	Schatzberg A	22	17	visuospatial	#FFF1A9	0.112958229948443
26ac872a-a363-35b4-ba38-4c5da257be38	Schatzberg A	23	17	arithmetic|calculation|solving	#FFFFCC	0.0531084536681273
26ac872a-a363-35b4-ba38-4c5da257be38	Schatzberg A	1	18	addiction|craving|drugs	#FC622F	0.639690288492425
26ac872a-a363-35b4-ba38-4c5da257be38	Schatzberg A	2	18	allele|genotype|polymorphism	#FD913D	0.565509084462183
26ac872a-a363-35b4-ba38-4c5da257be38	Schatzberg A	3	18	motivation	#FFF1A9	0.198901218418194
26ac872a-a363-35b4-ba38-4c5da257be38	Schatzberg A	4	18	heart	#FC622F	0.618062728520522
26ac872a-a363-35b4-ba38-4c5da257be38	Schatzberg A	5	18	sleep	#FEE188	0.255530345511675
26ac872a-a363-35b4-ba38-4c5da257be38	Schatzberg A	6	18	expectancy	#FFF1A9	0.154281090149367
26ac872a-a363-35b4-ba38-4c5da257be38	Schatzberg A	7	18	phasic|salience	#FEE188	0.263235692530853
26ac872a-a363-35b4-ba38-4c5da257be38	Schatzberg A	8	18	adolescence|adolescents	#FFF1A9	0.163453427377527
26ac872a-a363-35b4-ba38-4c5da257be38	Schatzberg A	9	18	intelligence|tracking	#FEE188	0.245928018120113
26ac872a-a363-35b4-ba38-4c5da257be38	Schatzberg A	10	18		#FEE188	0.204142649115708
26ac872a-a363-35b4-ba38-4c5da257be38	Schatzberg A	11	18	serial	#FFF1A9	0.143888695354821
26ac872a-a363-35b4-ba38-4c5da257be38	Schatzberg A	12	18		#FFF1A9	0.118907438336701
26ac872a-a363-35b4-ba38-4c5da257be38	Schatzberg A	13	18	spatially|taskrelevant	#FFFFCC	0.0313238742808855
26ac872a-a363-35b4-ba38-4c5da257be38	Schatzberg A	14	18		#FFFFCC	0.0767746068483581
26ac872a-a363-35b4-ba38-4c5da257be38	Schatzberg A	15	18	attended|attend|unattended	#FFFFCC	0.00520866381303909
26ac872a-a363-35b4-ba38-4c5da257be38	Schatzberg A	16	18	rotation|shapes	#FFF1A9	0.130586054334233
26ac872a-a363-35b4-ba38-4c5da257be38	Schatzberg A	17	18	rehearsal	#FFFFCC	0.0895739342376873
26ac872a-a363-35b4-ba38-4c5da257be38	Schatzberg A	18	18	learned	#FFFFCC	0.0803109373023271
26ac872a-a363-35b4-ba38-4c5da257be38	Schatzberg A	19	18		#FFF1A9	0.120564728627681
26ac872a-a363-35b4-ba38-4c5da257be38	Schatzberg A	20	18	cued|preparatory	#FFF1A9	0.130530109734832
26ac872a-a363-35b4-ba38-4c5da257be38	Schatzberg A	21	18		#FFF1A9	0.143675790046852
26ac872a-a363-35b4-ba38-4c5da257be38	Schatzberg A	22	18		#FFF1A9	0.127191590027242
26ac872a-a363-35b4-ba38-4c5da257be38	Schatzberg A	23	18	numbers|numerical	#FFFFCC	0.095455461079068
26ac872a-a363-35b4-ba38-4c5da257be38	Schatzberg A	1	19	future	#FDAD4A	0.456277511729577
26ac872a-a363-35b4-ba38-4c5da257be38	Schatzberg A	2	19	negatively	#FD913D	0.523389145670128
26ac872a-a363-35b4-ba38-4c5da257be38	Schatzberg A	3	19	distress|epilepsy|selfreported	#FD913D	0.517422614811455
26ac872a-a363-35b4-ba38-4c5da257be38	Schatzberg A	4	19	anticipatory|cocaine|probabilities|smoking	#FEE188	0.251878196922147
26ac872a-a363-35b4-ba38-4c5da257be38	Schatzberg A	5	19	alcohol|amount|impulsivity	#FFFFCC	0.0592507751388981
26ac872a-a363-35b4-ba38-4c5da257be38	Schatzberg A	6	19	game|success	#FFF1A9	0.135073438745117
26ac872a-a363-35b4-ba38-4c5da257be38	Schatzberg A	7	19	adhd|childhood|engagement	#FEE188	0.261050934393012
26ac872a-a363-35b4-ba38-4c5da257be38	Schatzberg A	8	19		#FECB68	0.339666960114103
26ac872a-a363-35b4-ba38-4c5da257be38	Schatzberg A	9	19		#FECB68	0.317747005792681
26ac872a-a363-35b4-ba38-4c5da257be38	Schatzberg A	10	19		#FEE188	0.225299831182518
26ac872a-a363-35b4-ba38-4c5da257be38	Schatzberg A	11	19		#FFF1A9	0.168488055759151
26ac872a-a363-35b4-ba38-4c5da257be38	Schatzberg A	12	19	endogenous	#FFF1A9	0.125939886073324
26ac872a-a363-35b4-ba38-4c5da257be38	Schatzberg A	13	19	cueing|invalid|orienting	#FFFFCC	0.0202593077349178
26ac872a-a363-35b4-ba38-4c5da257be38	Schatzberg A	14	19		#FFFFCC	0.0977952562998424
26ac872a-a363-35b4-ba38-4c5da257be38	Schatzberg A	15	19	multisensory	#FFFFCC	0.0735986333386135
26ac872a-a363-35b4-ba38-4c5da257be38	Schatzberg A	16	19		#FFF1A9	0.120106755731071
26ac872a-a363-35b4-ba38-4c5da257be38	Schatzberg A	17	19	shifts	#FFFFCC	0.0790308352985427
26ac872a-a363-35b4-ba38-4c5da257be38	Schatzberg A	18	19	covert	#FFFFCC	0.096557714549624
26ac872a-a363-35b4-ba38-4c5da257be38	Schatzberg A	19	19		#FFF1A9	0.100175655345924
26ac872a-a363-35b4-ba38-4c5da257be38	Schatzberg A	20	19	preparation	#FFFFCC	0.0813630976311019
26ac872a-a363-35b4-ba38-4c5da257be38	Schatzberg A	21	19	discrimination|training	#FEE188	0.1996899003389
26ac872a-a363-35b4-ba38-4c5da257be38	Schatzberg A	22	19	sequences	#FFF1A9	0.147885390825294
26ac872a-a363-35b4-ba38-4c5da257be38	Schatzberg A	23	19		#FFF1A9	0.192057321628923
26ac872a-a363-35b4-ba38-4c5da257be38	Schatzberg A	1	20	personal|self|selfreferential|trait|traits	#FDAD4A	0.419753440411065
26ac872a-a363-35b4-ba38-4c5da257be38	Schatzberg A	2	20	empathic|theory	#FECB68	0.379757975993084
26ac872a-a363-35b4-ba38-4c5da257be38	Schatzberg A	3	20	attribution|intentional	#FFF1A9	0.154584705249538
26ac872a-a363-35b4-ba38-4c5da257be38	Schatzberg A	4	20	elderly|oscillations	#FFF1A9	0.10933890515765
26ac872a-a363-35b4-ba38-4c5da257be38	Schatzberg A	5	20	antipsychotic|virtual	#FEE188	0.259414025124428
26ac872a-a363-35b4-ba38-4c5da257be38	Schatzberg A	6	20		#FEE188	0.296889436101335
26ac872a-a363-35b4-ba38-4c5da257be38	Schatzberg A	7	20	experiences	#FEE188	0.261746457378602
26ac872a-a363-35b4-ba38-4c5da257be38	Schatzberg A	8	20	categorical|pressure	#FEE188	0.274568586276004
26ac872a-a363-35b4-ba38-4c5da257be38	Schatzberg A	9	20	play|skills	#FEE188	0.240451437487579
26ac872a-a363-35b4-ba38-4c5da257be38	Schatzberg A	10	20	automatic|trained	#FFF1A9	0.186630639134964
26ac872a-a363-35b4-ba38-4c5da257be38	Schatzberg A	11	20		#FFF1A9	0.177477436254686
26ac872a-a363-35b4-ba38-4c5da257be38	Schatzberg A	12	20	practice	#FFF1A9	0.130083407884588
26ac872a-a363-35b4-ba38-4c5da257be38	Schatzberg A	13	20	visuomotor	#FFFFCC	0.045392251842882
26ac872a-a363-35b4-ba38-4c5da257be38	Schatzberg A	14	20		#FFF1A9	0.171195846619227
26ac872a-a363-35b4-ba38-4c5da257be38	Schatzberg A	15	20	tool	#FEE188	0.225680368714423
26ac872a-a363-35b4-ba38-4c5da257be38	Schatzberg A	16	20	vision	#FFF1A9	0.124646486759648
26ac872a-a363-35b4-ba38-4c5da257be38	Schatzberg A	17	20	visually	#FFF1A9	0.120934243938399
26ac872a-a363-35b4-ba38-4c5da257be38	Schatzberg A	18	20	saccade|saccades|saccadic	#FFFFCC	0.00867802097174936
26ac872a-a363-35b4-ba38-4c5da257be38	Schatzberg A	19	20	locations	#FFF1A9	0.112987244701062
26ac872a-a363-35b4-ba38-4c5da257be38	Schatzberg A	20	20	imagery|planning	#FFF1A9	0.14007283463976
26ac872a-a363-35b4-ba38-4c5da257be38	Schatzberg A	21	20		#FFF1A9	0.182524590885441
26ac872a-a363-35b4-ba38-4c5da257be38	Schatzberg A	22	20	rest	#FFF1A9	0.190216403722614
26ac872a-a363-35b4-ba38-4c5da257be38	Schatzberg A	23	20	sequence	#FFF1A9	0.15348369362525
26ac872a-a363-35b4-ba38-4c5da257be38	Schatzberg A	1	21	scenarios	#FFF1A9	0.124326339460654
26ac872a-a363-35b4-ba38-4c5da257be38	Schatzberg A	2	21	intention|intentions	#FFF1A9	0.161353361195289
26ac872a-a363-35b4-ba38-4c5da257be38	Schatzberg A	3	21	causality|perspective	#FFF1A9	0.177440502041237
26ac872a-a363-35b4-ba38-4c5da257be38	Schatzberg A	4	21	past	#FFFFCC	0.0776387212423785
26ac872a-a363-35b4-ba38-4c5da257be38	Schatzberg A	5	21		#FECB68	0.358803709548918
26ac872a-a363-35b4-ba38-4c5da257be38	Schatzberg A	6	21	episode	#FFF1A9	0.185199459503151
26ac872a-a363-35b4-ba38-4c5da257be38	Schatzberg A	7	21	improvement	#FFF1A9	0.114062378718359
26ac872a-a363-35b4-ba38-4c5da257be38	Schatzberg A	8	21	masking|retention	#FFF1A9	0.120157086142832
26ac872a-a363-35b4-ba38-4c5da257be38	Schatzberg A	9	21		#FFF1A9	0.157130241926258
26ac872a-a363-35b4-ba38-4c5da257be38	Schatzberg A	10	21	dominant	#FFF1A9	0.138270276621126
26ac872a-a363-35b4-ba38-4c5da257be38	Schatzberg A	11	21		#FFF1A9	0.196374480278323
26ac872a-a363-35b4-ba38-4c5da257be38	Schatzberg A	12	21	sequential	#FFF1A9	0.173771722328884
26ac872a-a363-35b4-ba38-4c5da257be38	Schatzberg A	13	21	fingers	#FFF1A9	0.197642948775235
26ac872a-a363-35b4-ba38-4c5da257be38	Schatzberg A	14	21		#FEE188	0.222191031875233
26ac872a-a363-35b4-ba38-4c5da257be38	Schatzberg A	15	21	gesture|gestures	#FEE188	0.235208872117876
26ac872a-a363-35b4-ba38-4c5da257be38	Schatzberg A	16	21		#FEE188	0.247141500067129
26ac872a-a363-35b4-ba38-4c5da257be38	Schatzberg A	17	21	hands	#FEE188	0.203478940862151
26ac872a-a363-35b4-ba38-4c5da257be38	Schatzberg A	18	21		#FFF1A9	0.180751129681745
26ac872a-a363-35b4-ba38-4c5da257be38	Schatzberg A	19	21		#FFF1A9	0.153411342592936
26ac872a-a363-35b4-ba38-4c5da257be38	Schatzberg A	20	21	eye|position	#FFF1A9	0.139113965401878
26ac872a-a363-35b4-ba38-4c5da257be38	Schatzberg A	21	21	execution	#FEE188	0.206055435898753
26ac872a-a363-35b4-ba38-4c5da257be38	Schatzberg A	22	21	finger|sensorimotor	#FFF1A9	0.177763727704167
26ac872a-a363-35b4-ba38-4c5da257be38	Schatzberg A	23	21		#FFF1A9	0.182336635215872
26ac872a-a363-35b4-ba38-4c5da257be38	Schatzberg A	1	22	moral|stories|story	#FFFFCC	0.039321298537865
26ac872a-a363-35b4-ba38-4c5da257be38	Schatzberg A	2	22	mentalizing|persons	#FEE188	0.218894997834575
26ac872a-a363-35b4-ba38-4c5da257be38	Schatzberg A	3	22	default|restingstate	#FFF1A9	0.179483327229444
26ac872a-a363-35b4-ba38-4c5da257be38	Schatzberg A	4	22	thinking|thought|thoughts	#FECB68	0.334684005678154
26ac872a-a363-35b4-ba38-4c5da257be38	Schatzberg A	5	22	spontaneous	#FFF1A9	0.195063486021103
26ac872a-a363-35b4-ba38-4c5da257be38	Schatzberg A	6	22	concentration|sensations	#FECB68	0.367165400718116
26ac872a-a363-35b4-ba38-4c5da257be38	Schatzberg A	7	22	hierarchical|preference	#FFFFCC	0.0468139579048358
26ac872a-a363-35b4-ba38-4c5da257be38	Schatzberg A	8	22	effort|oral|simulation	#FFF1A9	0.142829052012584
26ac872a-a363-35b4-ba38-4c5da257be38	Schatzberg A	9	22	interhemispheric|plasticity	#FFFFCC	0.0234080275398924
26ac872a-a363-35b4-ba38-4c5da257be38	Schatzberg A	10	22	imagined|imagine	#FFFFCC	0.03007864424903
26ac872a-a363-35b4-ba38-4c5da257be38	Schatzberg A	11	22	tapping	#FFF1A9	0.158675949772118
26ac872a-a363-35b4-ba38-4c5da257be38	Schatzberg A	12	22	foot|muscle|muscles|voluntary	#FEE188	0.250256843386426
26ac872a-a363-35b4-ba38-4c5da257be38	Schatzberg A	13	22	limb	#FEE188	0.214339224455878
26ac872a-a363-35b4-ba38-4c5da257be38	Schatzberg A	14	22	eyes|velocity	#FFF1A9	0.116684767693334
26ac872a-a363-35b4-ba38-4c5da257be38	Schatzberg A	15	22	biological|gaze|videos	#FFF1A9	0.188891775638188
26ac872a-a363-35b4-ba38-4c5da257be38	Schatzberg A	16	22	body	#FEE188	0.27806836617507
26ac872a-a363-35b4-ba38-4c5da257be38	Schatzberg A	17	22	grasping|orientation|reaching	#FEE188	0.223340067749784
26ac872a-a363-35b4-ba38-4c5da257be38	Schatzberg A	18	22		#FEE188	0.213792624134237
26ac872a-a363-35b4-ba38-4c5da257be38	Schatzberg A	19	22	mirror|shape	#FFF1A9	0.187412767119842
26ac872a-a363-35b4-ba38-4c5da257be38	Schatzberg A	20	22	actions	#FEE188	0.207096282131272
26ac872a-a363-35b4-ba38-4c5da257be38	Schatzberg A	21	22	action	#FFF1A9	0.182034080836588
26ac872a-a363-35b4-ba38-4c5da257be38	Schatzberg A	22	22		#FFF1A9	0.180038224096982
26ac872a-a363-35b4-ba38-4c5da257be38	Schatzberg A	23	22	hand|movements|sensory	#FFF1A9	0.148200332276208
